{
    "name": "root",
    "gauges": {
        "MoveToGoal.Policy.Entropy.mean": {
            "value": 1.428500771522522,
            "min": 1.425468921661377,
            "max": 1.4313769340515137,
            "count": 10
        },
        "MoveToGoal.Policy.Entropy.sum": {
            "value": 71246.4765625,
            "min": 71112.1484375,
            "max": 72791.5703125,
            "count": 10
        },
        "MoveToGoal.Environment.EpisodeLength.mean": {
            "value": 449.18446601941747,
            "min": 385.0,
            "max": 757.5593220338983,
            "count": 10
        },
        "MoveToGoal.Environment.EpisodeLength.sum": {
            "value": 46266.0,
            "min": 28490.0,
            "max": 64438.0,
            "count": 10
        },
        "MoveToGoal.Step.mean": {
            "value": 499977.0,
            "min": 49940.0,
            "max": 499977.0,
            "count": 10
        },
        "MoveToGoal.Step.sum": {
            "value": 499977.0,
            "min": 49940.0,
            "max": 499977.0,
            "count": 10
        },
        "MoveToGoal.Policy.ExtrinsicValueEstimate.mean": {
            "value": 0.06129970774054527,
            "min": 0.05950970575213432,
            "max": 0.4068426191806793,
            "count": 10
        },
        "MoveToGoal.Policy.ExtrinsicValueEstimate.sum": {
            "value": 50.94005584716797,
            "min": 48.55992126464844,
            "max": 334.0177917480469,
            "count": 10
        },
        "MoveToGoal.Environment.CumulativeReward.mean": {
            "value": 0.32038834951456313,
            "min": -0.22033898305084745,
            "max": 0.6444444444444445,
            "count": 10
        },
        "MoveToGoal.Environment.CumulativeReward.sum": {
            "value": 33.0,
            "min": -13.0,
            "max": 58.0,
            "count": 10
        },
        "MoveToGoal.Policy.ExtrinsicReward.mean": {
            "value": 0.32038834951456313,
            "min": -0.22033898305084745,
            "max": 0.6444444444444445,
            "count": 10
        },
        "MoveToGoal.Policy.ExtrinsicReward.sum": {
            "value": 33.0,
            "min": -13.0,
            "max": 58.0,
            "count": 10
        },
        "MoveToGoal.Losses.PolicyLoss.mean": {
            "value": 0.027229414630370836,
            "min": 0.02053600643218184,
            "max": 0.027256988616039358,
            "count": 10
        },
        "MoveToGoal.Losses.PolicyLoss.sum": {
            "value": 0.13614707315185418,
            "min": 0.08214402572872737,
            "max": 0.13628494308019679,
            "count": 10
        },
        "MoveToGoal.Losses.ValueLoss.mean": {
            "value": 0.015175452247882883,
            "min": 0.009384028986872486,
            "max": 0.07959720619643729,
            "count": 10
        },
        "MoveToGoal.Losses.ValueLoss.sum": {
            "value": 0.07587726123941442,
            "min": 0.046920144934362425,
            "max": 0.31838882478574915,
            "count": 10
        },
        "MoveToGoal.Policy.LearningRate.mean": {
            "value": 1.5534934821720004e-05,
            "min": 1.5534934821720004e-05,
            "max": 0.00028404315531894997,
            "count": 10
        },
        "MoveToGoal.Policy.LearningRate.sum": {
            "value": 7.767467410860002e-05,
            "min": 7.767467410860002e-05,
            "max": 0.0012811128729623997,
            "count": 10
        },
        "MoveToGoal.Policy.Epsilon.mean": {
            "value": 0.10517828000000003,
            "min": 0.10517828000000003,
            "max": 0.19468105000000002,
            "count": 10
        },
        "MoveToGoal.Policy.Epsilon.sum": {
            "value": 0.5258914000000001,
            "min": 0.5258914000000001,
            "max": 0.9270376,
            "count": 10
        },
        "MoveToGoal.Policy.Beta.mean": {
            "value": 0.0002683961720000002,
            "min": 0.0002683961720000002,
            "max": 0.004734584395,
            "count": 10
        },
        "MoveToGoal.Policy.Beta.sum": {
            "value": 0.001341980860000001,
            "min": 0.001341980860000001,
            "max": 0.02135917624,
            "count": 10
        },
        "MoveToGoal.IsTraining.mean": {
            "value": 1.0,
            "min": 1.0,
            "max": 1.0,
            "count": 10
        },
        "MoveToGoal.IsTraining.sum": {
            "value": 1.0,
            "min": 1.0,
            "max": 1.0,
            "count": 10
        }
    },
    "metadata": {
        "timer_format_version": "0.1.0",
        "start_time_seconds": "1644361140",
        "python_version": "3.7.9 (tags/v3.7.9:13c94747c7, Aug 17 2020, 18:58:18) [MSC v.1900 64 bit (AMD64)]",
        "command_line_arguments": "C:\\Python\\Python37\\Scripts\\mlagents-learn --run-id=MoveToGoal --force",
        "mlagents_version": "0.28.0",
        "mlagents_envs_version": "0.28.0",
        "communication_protocol_version": "1.5.0",
        "pytorch_version": "1.10.2+cu113",
        "numpy_version": "1.21.5",
        "end_time_seconds": "1644361424"
    },
    "total": 284.0709073,
    "count": 1,
    "self": 0.0072446000000354616,
    "children": {
        "run_training.setup": {
            "total": 0.06861380000000006,
            "count": 1,
            "self": 0.06861380000000006
        },
        "TrainerController.start_learning": {
            "total": 283.9950489,
            "count": 1,
            "self": 0.31050569999911204,
            "children": {
                "TrainerController._reset_env": {
                    "total": 7.696956,
                    "count": 1,
                    "self": 7.696956
                },
                "TrainerController.advance": {
                    "total": 275.9264763000008,
                    "count": 14952,
                    "self": 0.3161449999975048,
                    "children": {
                        "env_step": {
                            "total": 162.06160840000015,
                            "count": 14952,
                            "self": 132.00630270000227,
                            "children": {
                                "SubprocessEnvManager._take_step": {
                                    "total": 29.876767599999155,
                                    "count": 14952,
                                    "self": 0.991397399999908,
                                    "children": {
                                        "TorchPolicy.evaluate": {
                                            "total": 28.885370199999247,
                                            "count": 14316,
                                            "self": 13.243957299998007,
                                            "children": {
                                                "TorchPolicy.sample_actions": {
                                                    "total": 15.64141290000124,
                                                    "count": 14316,
                                                    "self": 15.64141290000124
                                                }
                                            }
                                        }
                                    }
                                },
                                "workers": {
                                    "total": 0.1785380999987165,
                                    "count": 14952,
                                    "self": 0.0,
                                    "children": {
                                        "worker_root": {
                                            "total": 277.1970141999975,
                                            "count": 14952,
                                            "is_parallel": true,
                                            "self": 169.08709829999844,