{
    "name": "root",
    "gauges": {
        "MoveToGoal.Policy.Entropy.mean": {
            "value": 1.3382585048675537,
            "min": 1.3382585048675537,
            "max": 1.4210225343704224,
            "count": 10
        },
        "MoveToGoal.Policy.Entropy.sum": {
            "value": 66951.734375,
            "min": 66951.734375,
            "max": 73112.3125,
            "count": 10
        },
        "MoveToGoal.Environment.EpisodeLength.mean": {
            "value": 3.3474480479958264,
            "min": 3.3474480479958264,
            "max": 105.06716417910448,
            "count": 10
        },
        "MoveToGoal.Environment.EpisodeLength.sum": {
            "value": 38499.0,
            "min": 38499.0,
            "max": 56319.0,
            "count": 10
        },
        "MoveToGoal.Step.mean": {
            "value": 499999.0,
            "min": 49999.0,
            "max": 499999.0,
            "count": 10
        },
        "MoveToGoal.Step.sum": {
            "value": 499999.0,
            "min": 49999.0,
            "max": 499999.0,
            "count": 10
        },
        "MoveToGoal.Policy.ExtrinsicValueEstimate.mean": {
            "value": 0.9827249646186829,
            "min": 0.4591588079929352,
            "max": 0.9827249646186829,
            "count": 10
        },
        "MoveToGoal.Policy.ExtrinsicValueEstimate.sum": {
            "value": 11303.302734375,
            "min": 456.40386962890625,
            "max": 11303.302734375,
            "count": 10
        },
        "MoveToGoal.Environment.CumulativeReward.mean": {
            "value": 1.0,
            "min": 0.23880597014925373,
            "max": 1.0,
            "count": 10
        },
        "MoveToGoal.Environment.CumulativeReward.sum": {
            "value": 11502.0,
            "min": 96.0,
            "max": 11502.0,
            "count": 10
        },
        "MoveToGoal.Policy.ExtrinsicReward.mean": {
            "value": 1.0,
            "min": 0.23880597014925373,
            "max": 1.0,
            "count": 10
        },
        "MoveToGoal.Policy.ExtrinsicReward.sum": {
            "value": 11502.0,
            "min": 96.0,
            "max": 11502.0,
            "count": 10
        },
        "MoveToGoal.Losses.PolicyLoss.mean": {
            "value": 0.02319037453426669,
            "min": 0.020190466404892506,
            "max": 0.025569597752764822,
            "count": 10
        },
        "MoveToGoal.Losses.PolicyLoss.sum": {
            "value": 0.11595187267133344,
            "min": 0.09106727708131074,
            "max": 0.1278479887638241,
            "count": 10
        },
        "MoveToGoal.Losses.ValueLoss.mean": {
            "value": 0.00018705517684187116,
            "min": 0.00018705517684187116,
            "max": 0.11148219322785735,
            "count": 10
        },
        "MoveToGoal.Losses.ValueLoss.sum": {
            "value": 0.0009352758842093559,
            "min": 0.000873291566191862,
            "max": 0.4459287729114294,
            "count": 10
        },
        "MoveToGoal.Policy.LearningRate.mean": {
            "value": 1.694265435248001e-05,
            "min": 1.694265435248001e-05,
            "max": 0.00028459335513554996,
            "count": 10
        },
        "MoveToGoal.Policy.LearningRate.sum": {
            "value": 8.471327176240005e-05,
            "min": 8.471327176240005e-05,
            "max": 0.0012840900719699997,
            "count": 10
        },
        "MoveToGoal.Policy.Epsilon.mean": {
            "value": 0.10564751999999997,
            "min": 0.10564751999999997,
            "max": 0.19486444999999997,
            "count": 10
        },
        "MoveToGoal.Policy.Epsilon.sum": {
            "value": 0.5282375999999999,
            "min": 0.5004529999999999,
            "max": 0.9280300000000001,
            "count": 10
        },
        "MoveToGoal.Policy.Beta.mean": {
            "value": 0.0002918112480000002,
            "min": 0.0002918112480000002,
            "max": 0.0047437360549999995,
            "count": 10
        },
        "MoveToGoal.Policy.Beta.sum": {
            "value": 0.001459056240000001,
            "min": 0.001459056240000001,
            "max": 0.021408697000000004,
            "count": 10
        },
        "MoveToGoal.IsTraining.mean": {
            "value": 1.0,
            "min": 1.0,
            "max": 1.0,
            "count": 10
        },
        "MoveToGoal.IsTraining.sum": {
            "value": 1.0,
            "min": 1.0,
            "max": 1.0,
            "count": 10
        }
    },
    "metadata": {
        "timer_format_version": "0.1.0",
        "start_time_seconds": "1644612537",
        "python_version": "3.7.9 (tags/v3.7.9:13c94747c7, Aug 17 2020, 18:58:18) [MSC v.1900 64 bit (AMD64)]",
        "command_line_arguments": "C:\\Python\\Python37\\Scripts\\mlagents-learn --run-id=MoveToGoal --force",
        "mlagents_version": "0.28.0",
        "mlagents_envs_version": "0.28.0",
        "communication_protocol_version": "1.5.0",
        "pytorch_version": "1.10.2+cu113",
        "numpy_version": "1.21.5",
        "end_time_seconds": "1644613063"
    },
    "total": 525.931837,
    "count": 1,
    "self": 0.008228299999927913,
    "children": {
        "run_training.setup": {
            "total": 0.0678607,
            "count": 1,
            "self": 0.0678607
        },
        "TrainerController.start_learning": {
            "total": 525.8557480000001,
            "count": 1,
            "self": 0.9817876000043952,
            "children": {
                "TrainerController._reset_env": {
                    "total": 52.9392114,
                    "count": 1,
                    "self": 52.9392114
                },
                "TrainerController.advance": {
                    "total": 471.86808659999565,
                    "count": 36321,
                    "self": 0.8288107000028617,
                    "children": {
                        "env_step": {
                            "total": 191.88461799999646,
                            "count": 36321,
                            "self": 169.47323490000133,
                            "children": {
                                "SubprocessEnvManager._take_step": {
                                    "total": 21.94849289999305,
                                    "count": 36321,
                                    "self": 1.1117653999949582,
                                    "children": {
                                        "TorchPolicy.evaluate": {
                                            "total": 20.83672749999809,
                                            "count": 10207,
                                            "self": 7.967533499998751,
                                            "children": {
                                                "TorchPolicy.sample_actions": {
                                                    "total": 12.86919399999934,
                                                    "count": 10207,
                                                    "self": 12.86919399999934
                                                }
                                            }
                                        }
                                    }
                                },
                                "workers": {
                                    "total": 0.4628902000021,
                                    "count": 36321,
                                    "self": 0.0,
                                    "children": {
                                        "worker_root": {
                                            "total": 473.0594760000001,
                                            "count": 36321,
                                            "is_parallel": true,
                                            "self": 347.002865500005,