{
    "name": "root",
    "gauges": {
        "MoveToGoal.Policy.Entropy.mean": {
            "value": 1.422611951828003,
            "min": 1.4193826913833618,
            "max": 1.422611951828003,
            "count": 2
        },
        "MoveToGoal.Policy.Entropy.sum": {
            "value": 71107.8359375,
            "min": 71107.8359375,
            "max": 71133.78125,
            "count": 2
        },
        "MoveToGoal.Step.mean": {
            "value": 99962.0,
            "min": 49978.0,
            "max": 99962.0,
            "count": 2
        },
        "MoveToGoal.Step.sum": {
            "value": 99962.0,
            "min": 49978.0,
            "max": 99962.0,
            "count": 2
        },
        "MoveToGoal.Policy.ExtrinsicValueEstimate.mean": {
            "value": 0.18541249632835388,
            "min": -1.7333205938339233,
            "max": 0.18541249632835388,
            "count": 2
        },
        "MoveToGoal.Policy.ExtrinsicValueEstimate.sum": {
            "value": 144.80715942382812,
            "min": -1355.4566650390625,
            "max": 144.80715942382812,
            "count": 2
        },
        "MoveToGoal.Losses.PolicyLoss.mean": {
            "value": 0.0237740683183074,
            "min": 0.0237740683183074,
            "max": 0.02429294146131724,
            "count": 2
        },
        "MoveToGoal.Losses.PolicyLoss.sum": {
            "value": 0.118870341591537,
            "min": 0.09717176584526896,
            "max": 0.118870341591537,
            "count": 2
        },
        "MoveToGoal.Losses.ValueLoss.mean": {
            "value": 0.008187452362229428,
            "min": 0.008187452362229428,
            "max": 0.017756068349505463,
            "count": 2
        },
        "MoveToGoal.Losses.ValueLoss.sum": {
            "value": 0.04093726181114714,
            "min": 0.04093726181114714,
            "max": 0.07102427339802185,
            "count": 2
        },
        "MoveToGoal.Policy.LearningRate.mean": {
            "value": 0.0002567268144244001,
            "min": 0.0002567268144244001,
            "max": 0.000284544005152,
            "count": 2
        },
        "MoveToGoal.Policy.LearningRate.sum": {
            "value": 0.0012836340721220003,
            "min": 0.001138176020608,
            "max": 0.0012836340721220003,
            "count": 2
        },
        "MoveToGoal.Policy.Epsilon.mean": {
            "value": 0.18557560000000003,
            "min": 0.18557560000000003,
            "max": 0.19484800000000002,
            "count": 2
        },
        "MoveToGoal.Policy.Epsilon.sum": {
            "value": 0.9278780000000002,
            "min": 0.7793920000000001,
            "max": 0.9278780000000002,
            "count": 2
        },
        "MoveToGoal.Policy.Beta.mean": {
            "value": 0.00428022244,
            "min": 0.00428022244,
            "max": 0.0047429151999999995,
            "count": 2
        },
        "MoveToGoal.Policy.Beta.sum": {
            "value": 0.021401112200000003,
            "min": 0.018971660799999998,
            "max": 0.021401112200000003,
            "count": 2
        },
        "MoveToGoal.Environment.EpisodeLength.mean": {
            "value": 10770.333333333334,
            "min": 10770.333333333334,
            "max": 10770.333333333334,
            "count": 1
        },
        "MoveToGoal.Environment.EpisodeLength.sum": {
            "value": 32311.0,
            "min": 32311.0,
            "max": 32311.0,
            "count": 1
        },
        "MoveToGoal.Environment.CumulativeReward.mean": {
            "value": 1.0,
            "min": 1.0,
            "max": 1.0,
            "count": 1
        },
        "MoveToGoal.Environment.CumulativeReward.sum": {
            "value": 3.0,
            "min": 3.0,
            "max": 3.0,
            "count": 1
        },
        "MoveToGoal.Policy.ExtrinsicReward.mean": {
            "value": 1.0,
            "min": 1.0,
            "max": 1.0,
            "count": 1
        },
        "MoveToGoal.Policy.ExtrinsicReward.sum": {
            "value": 3.0,
            "min": 3.0,
            "max": 3.0,
            "count": 1
        },
        "MoveToGoal.IsTraining.mean": {
            "value": 1.0,
            "min": 1.0,
            "max": 1.0,
            "count": 2
        },
        "MoveToGoal.IsTraining.sum": {
            "value": 1.0,
            "min": 1.0,
            "max": 1.0,
            "count": 2
        }
    },
    "metadata": {
        "timer_format_version": "0.1.0",
        "start_time_seconds": "1644008004",
        "python_version": "3.7.9 (tags/v3.7.9:13c94747c7, Aug 17 2020, 18:58:18) [MSC v.1900 64 bit (AMD64)]",
        "command_line_arguments": "C:\\Python\\Python37\\Scripts\\mlagents-learn --force",
        "mlagents_version": "0.28.0",
        "mlagents_envs_version": "0.28.0",
        "communication_protocol_version": "1.5.0",
        "pytorch_version": "1.10.2+cu113",
        "numpy_version": "1.21.5",
        "end_time_seconds": "1644008883"
    },
    "total": 879.152297,
    "count": 1,
    "self": 0.006451399999946261,
    "children": {
        "run_training.setup": {
            "total": 0.06811670000000003,
            "count": 1,
            "self": 0.06811670000000003
        },
        "TrainerController.start_learning": {
            "total": 879.0777289,
            "count": 1,
            "self": 2.3076790000061465,
            "children": {
                "TrainerController._reset_env": {
                    "total": 5.3734189,
                    "count": 1,
                    "self": 5.3734189
                },
                "TrainerController.advance": {
                    "total": 871.2882847999938,
                    "count": 122284,
                    "self": 2.447651800007634,
                    "children": {
                        "env_step": {
                            "total": 837.0242893999907,
                            "count": 122284,
                            "self": 566.8958172999705,
                            "children": {
                                "SubprocessEnvManager._take_step": {
                                    "total": 268.67478150000386,
                                    "count": 122286,
                                    "self": 7.028771000002735,
                                    "children": {
                                        "TorchPolicy.evaluate": {
                                            "total": 261.6460105000011,
                                            "count": 122282,
                                            "self": 122.97105239999757,
                                            "children": {
                                                "TorchPolicy.sample_actions": {
                                                    "total": 138.67495810000355,
                                                    "count": 122282,
                                                    "self": 138.67495810000355
                                                }
                                            }
                                        }
                                    }
                                },
                                "workers": {
                                    "total": 1.4536906000163734,
                                    "count": 122283,
                                    "self": 0.0,
                                    "children": {
                                        "worker_root": {
                                            "total": 760.5713262000093,
                                            "count": 122283,
                                            "is_parallel": true,
                                            "self": 399.6066463999987,