{
    "name": "root",
    "gauges": {
        "MoveToGoal.Policy.Entropy.mean": {
            "value": 1.4236732721328735,
            "min": 1.4236732721328735,
            "max": 1.4236732721328735,
            "count": 1
        },
        "MoveToGoal.Policy.Entropy.sum": {
            "value": 71242.03125,
            "min": 71242.03125,
            "max": 71242.03125,
            "count": 1
        },
        "MoveToGoal.Step.mean": {
            "value": 49955.0,
            "min": 49955.0,
            "max": 49955.0,
            "count": 1
        },
        "MoveToGoal.Step.sum": {
            "value": 49955.0,
            "min": 49955.0,
            "max": 49955.0,
            "count": 1
        },
        "MoveToGoal.Policy.ExtrinsicValueEstimate.mean": {
            "value": -0.39773330092430115,
            "min": -0.39773330092430115,
            "max": -0.39773330092430115,
            "count": 1
        },
        "MoveToGoal.Policy.ExtrinsicValueEstimate.sum": {
            "value": -366.3123779296875,
            "min": -366.3123779296875,
            "max": -366.3123779296875,
            "count": 1
        },
        "MoveToGoal.Environment.EpisodeLength.mean": {
            "value": 176.09252669039145,
            "min": 176.09252669039145,
            "max": 176.09252669039145,
            "count": 1
        },
        "MoveToGoal.Environment.EpisodeLength.sum": {
            "value": 49482.0,
            "min": 49482.0,
            "max": 49482.0,
            "count": 1
        },
        "MoveToGoal.Environment.CumulativeReward.mean": {
            "value": 0.7153024911032029,
            "min": 0.7153024911032029,
            "max": 0.7153024911032029,
            "count": 1
        },
        "MoveToGoal.Environment.CumulativeReward.sum": {
            "value": 201.0,
            "min": 201.0,
            "max": 201.0,
            "count": 1
        },
        "MoveToGoal.Policy.ExtrinsicReward.mean": {
            "value": 0.7153024911032029,
            "min": 0.7153024911032029,
            "max": 0.7153024911032029,
            "count": 1
        },
        "MoveToGoal.Policy.ExtrinsicReward.sum": {
            "value": 201.0,
            "min": 201.0,
            "max": 201.0,
            "count": 1
        },
        "MoveToGoal.Losses.PolicyLoss.mean": {
            "value": 0.023715430851249643,
            "min": 0.023715430851249643,
            "max": 0.023715430851249643,
            "count": 1
        },
        "MoveToGoal.Losses.PolicyLoss.sum": {
            "value": 0.09486172340499857,
            "min": 0.09486172340499857,
            "max": 0.09486172340499857,
            "count": 1
        },
        "MoveToGoal.Losses.ValueLoss.mean": {
            "value": 0.030335115385241807,
            "min": 0.030335115385241807,
            "max": 0.030335115385241807,
            "count": 1
        },
        "MoveToGoal.Losses.ValueLoss.sum": {
            "value": 0.12134046154096723,
            "min": 0.12134046154096723,
            "max": 0.12134046154096723,
            "count": 1
        },
        "MoveToGoal.Policy.LearningRate.mean": {
            "value": 0.00028459170513609995,
            "min": 0.00028459170513609995,
            "max": 0.00028459170513609995,
            "count": 1
        },
        "MoveToGoal.Policy.LearningRate.sum": {
            "value": 0.0011383668205443998,
            "min": 0.0011383668205443998,
            "max": 0.0011383668205443998,
            "count": 1
        },
        "MoveToGoal.Policy.Epsilon.mean": {
            "value": 0.1948639,
            "min": 0.1948639,
            "max": 0.1948639,
            "count": 1
        },
        "MoveToGoal.Policy.Epsilon.sum": {
            "value": 0.7794556,
            "min": 0.7794556,
            "max": 0.7794556,
            "count": 1
        },
        "MoveToGoal.Policy.Beta.mean": {
            "value": 0.004743708609999999,
            "min": 0.004743708609999999,
            "max": 0.004743708609999999,
            "count": 1
        },
        "MoveToGoal.Policy.Beta.sum": {
            "value": 0.018974834439999998,
            "min": 0.018974834439999998,
            "max": 0.018974834439999998,
            "count": 1
        },
        "MoveToGoal.IsTraining.mean": {
            "value": 1.0,
            "min": 1.0,
            "max": 1.0,
            "count": 1
        },
        "MoveToGoal.IsTraining.sum": {
            "value": 1.0,
            "min": 1.0,
            "max": 1.0,
            "count": 1
        }
    },
    "metadata": {
        "timer_format_version": "0.1.0",
        "start_time_seconds": "1644009944",
        "python_version": "3.7.9 (tags/v3.7.9:13c94747c7, Aug 17 2020, 18:58:18) [MSC v.1900 64 bit (AMD64)]",
        "command_line_arguments": "C:\\Python\\Python37\\Scripts\\mlagents-learn --force",
        "mlagents_version": "0.28.0",
        "mlagents_envs_version": "0.28.0",
        "communication_protocol_version": "1.5.0",
        "pytorch_version": "1.10.2+cu113",
        "numpy_version": "1.21.5",
        "end_time_seconds": "1644010336"
    },
    "total": 392.43582649999996,
    "count": 1,
    "self": 10.005891599999984,
    "children": {
        "run_training.setup": {
            "total": 0.0799375,
            "count": 1,
            "self": 0.0799375
        },
        "TrainerController.start_learning": {
            "total": 382.34999739999995,
            "count": 1,
            "self": 0.9294307000018875,
            "children": {
                "TrainerController._reset_env": {
                    "total": 9.084703399999999,
                    "count": 1,
                    "self": 9.084703399999999
                },
                "TrainerController.advance": {
                    "total": 372.2148577999981,
                    "count": 51329,
                    "self": 0.9943127999933381,
                    "children": {
                        "env_step": {
                            "total": 358.5201321000055,
                            "count": 51329,
                            "self": 224.02164890001075,
                            "children": {
                                "SubprocessEnvManager._take_step": {
                                    "total": 133.91243589999442,
                                    "count": 51330,
                                    "self": 2.9548505000011573,
                                    "children": {
                                        "TorchPolicy.evaluate": {
                                            "total": 130.95758539999326,
                                            "count": 51114,
                                            "self": 74.82835679999324,
                                            "children": {
                                                "TorchPolicy.sample_actions": {
                                                    "total": 56.12922860000002,
                                                    "count": 51114,
                                                    "self": 56.12922860000002
                                                }
                                            }
                                        }
                                    }
                                },
                                "workers": {
                                    "total": 0.586047300000347,
                                    "count": 51328,
                                    "self": 0.0,
                                    "children": {
                                        "worker_root": {
                                            "total": 344.35695949999706,
                                            "count": 51328,
                                            "is_parallel": true,
                                            "self": 188.4057937999995,